Date,Socrata Users,Socrata Sessions,Socrata Bounce Rate,Geohub Users,Geohub Sessions,Geohub Bounce Rate
2014-05-23,133,233,21.89,,,
2014-05-24,42,47,42.55,,,
2014-05-25,31,34,44.12,,,
2014-05-26,50,55,41.82,,,
2014-05-27,232,434,24.42,,,
2014-05-28,223,415,28.92,,,
2014-05-29,439,710,27.46,,,
2014-05-30,636,980,30.41,,,
2014-05-31,1986,2385,45.2,,,
2014-06-01,1525,1721,41.78,,,
2014-06-02,2266,2588,49.3,,,
2014-06-03,2365,2622,65.1,,,
2014-06-04,643,839,44.22,,,
2014-06-05,3228,3424,67.73,,,
2014-06-06,605,695,58.42,,,
2014-06-07,135,151,53.64,,,
2014-06-08,113,131,54.96,,,
2014-06-09,288,381,43.57,,,
2014-06-10,347,432,41.44,,,
2014-06-11,317,400,45.5,,,
2014-06-12,258,330,45.45,,,
2014-06-13,159,190,43.16,,,
2014-06-14,59,71,52.11,,,
2014-06-15,75,86,56.98,,,
2014-06-16,218,269,50.19,,,
2014-06-17,240,310,48.71,,,
2014-06-18,345,440,53.41,,,
2014-06-19,229,301,48.17,,,
2014-06-20,242,283,54.06,,,
2014-06-21,58,63,60.32,,,
2014-06-22,59,63,50.79,,,
2014-06-23,176,252,41.67,,,
2014-06-24,221,263,50.19,,,
2014-06-25,193,248,38.71,,,
2014-06-26,165,205,44.39,,,
2014-06-27,172,201,49.75,,,
2014-06-28,49,51,49.02,,,
2014-06-29,59,67,55.22,,,
2014-06-30,193,251,46.22,,,
2014-07-01,208,279,44.8,,,
2014-07-02,166,206,42.72,,,
2014-07-03,335,388,38.14,,,
2014-07-04,56,66,65.15,,,
2014-07-05,46,50,42.0,,,
2014-07-06,75,81,33.33,,,
2014-07-07,214,270,42.22,,,
2014-07-08,231,277,45.13,,,
2014-07-09,188,237,50.21,,,
2014-07-10,175,228,45.61,,,
2014-07-11,115,142,55.63,,,
2014-07-12,19,23,52.17,,,
2014-07-13,46,50,36.0,,,
2014-07-14,175,221,45.7,,,
2014-07-15,164,201,46.77,,,
2014-07-16,202,249,41.77,,,
2014-07-17,143,173,41.62,,,
2014-07-18,148,174,38.51,,,
2014-07-19,48,59,45.76,,,
2014-07-20,58,67,64.18,,,
2014-07-21,174,223,47.98,,,
2014-07-22,155,194,43.81,,,
2014-07-23,139,171,43.27,,,
2014-07-24,151,182,43.96,,,
2014-07-25,103,127,37.8,,,
2014-07-26,36,44,47.73,,,
2014-07-27,40,43,62.79,,,
2014-07-28,148,183,46.99,,,
2014-07-29,182,229,42.36,,,
2014-07-30,152,199,37.69,,,
2014-07-31,194,252,41.67,,,
2014-08-01,132,176,45.45,,,
2014-08-02,43,46,58.7,,,
2014-08-03,49,60,41.67,,,
2014-08-04,167,208,43.27,,,
2014-08-05,171,203,44.34,,,
2014-08-06,181,248,41.94,,,
2014-08-07,163,228,39.47,,,
2014-08-08,152,190,41.05,,,
2014-08-09,42,50,62.0,,,
2014-08-10,51,59,64.41,,,
2014-08-11,147,186,42.47,,,
2014-08-12,158,216,41.2,,,
2014-08-13,151,217,38.25,,,
2014-08-14,142,224,51.34,,,
2014-08-15,144,194,34.02,,,
2014-08-16,33,38,39.47,,,
2014-08-17,30,32,59.38,,,
2014-08-18,132,196,37.24,,,
2014-08-19,163,213,42.72,,,
2014-08-20,269,345,43.77,,,
2014-08-21,382,469,46.48,,,
2014-08-22,181,219,42.92,,,
2014-08-23,40,43,41.86,,,
2014-08-24,45,72,50.0,,,
2014-08-25,194,244,50.82,,,
2014-08-26,238,308,49.03,,,
2014-08-27,203,248,51.21,,,
2014-08-28,156,197,43.15,,,
2014-08-29,151,173,46.24,,,
2014-08-30,40,59,50.85,,,
2014-08-31,50,55,50.91,,,
2014-09-01,65,72,48.61,,,
2014-09-02,162,202,41.58,,,
2014-09-03,176,211,44.55,,,
2014-09-04,200,238,44.54,,,
2014-09-05,158,188,38.83,,,
2014-09-06,34,39,53.85,,,
2014-09-07,55,59,62.71,,,
2014-09-08,200,255,41.57,,,
2014-09-09,172,214,41.59,,,
2014-09-10,191,216,47.69,,,
2014-09-11,218,265,38.11,,,
2014-09-12,161,228,35.53,,,
2014-09-13,51,58,62.07,,,
2014-09-14,55,59,50.85,,,
2014-09-15,164,251,43.43,,,
2014-09-16,196,260,40.0,,,
2014-09-17,181,245,43.27,,,
2014-09-18,190,244,35.25,,,
2014-09-19,160,210,44.29,,,
2014-09-20,58,77,41.56,,,
2014-09-21,57,65,47.69,,,
2014-09-22,140,166,44.58,,,
2014-09-23,158,188,42.55,,,
2014-09-24,163,207,46.86,,,
2014-09-25,203,282,49.29,,,
2014-09-26,149,181,53.59,,,
2014-09-27,49,55,69.09,,,
2014-09-28,60,70,47.14,,,
2014-09-29,185,224,53.12,,,
2014-09-30,167,200,45.0,,,
2014-10-01,207,248,51.21,,,
2014-10-02,150,190,48.42,,,
2014-10-03,127,163,44.17,,,
2014-10-04,39,40,65.0,,,
2014-10-05,44,54,57.41,,,
2014-10-06,174,202,42.57,,,
2014-10-07,153,194,47.94,,,
2014-10-08,186,225,48.44,,,
2014-10-09,167,199,51.76,,,
2014-10-10,106,128,44.53,,,
2014-10-11,49,59,37.29,,,
2014-10-12,39,42,47.62,,,
2014-10-13,123,138,52.17,,,
2014-10-14,209,255,39.22,,,
2014-10-15,199,263,47.53,,,
2014-10-16,143,184,48.91,,,
2014-10-17,143,165,49.09,,,
2014-10-18,32,35,60.0,,,
2014-10-19,46,51,47.06,,,
2014-10-20,165,190,43.16,,,
2014-10-21,161,202,44.06,,,
2014-10-22,172,210,43.33,,,
2014-10-23,275,336,42.86,,,
2014-10-24,203,252,44.84,,,
2014-10-25,73,112,37.5,,,
2014-10-26,82,98,44.9,,,
2014-10-27,199,256,41.41,,,
2014-10-28,174,199,48.74,,,
2014-10-29,152,187,43.32,,,
2014-10-30,177,216,44.44,,,
2014-10-31,114,131,52.67,,,
2014-11-01,43,49,46.94,,,
2014-11-02,56,65,40.0,,,
2014-11-03,158,198,54.04,,,
2014-11-04,144,178,45.51,,,
2014-11-05,172,221,44.34,,,
2014-11-06,140,191,38.22,,,
2014-11-07,129,174,40.8,,,
2014-11-08,63,83,54.22,,,
2014-11-09,54,61,57.38,,,
2014-11-10,163,200,43.0,,,
2014-11-11,127,141,50.35,,,
2014-11-12,156,188,40.96,,,
2014-11-13,150,177,43.5,,,
2014-11-14,155,186,49.46,,,
2014-11-15,70,74,50.0,,,
2014-11-16,115,142,38.03,,,
2014-11-17,214,273,49.45,,,
2014-11-18,210,257,46.3,,,
2014-11-19,205,240,43.75,,,
2014-11-20,208,255,47.45,,,
2014-11-21,151,179,48.04,,,
2014-11-22,47,56,37.5,,,
2014-11-23,58,69,36.23,,,
2014-11-24,162,200,45.0,,,
2014-11-25,148,167,53.29,,,
2014-11-26,115,131,46.56,,,
2014-11-27,43,47,46.81,,,
2014-11-28,40,47,55.32,,,
2014-11-29,55,62,56.45,,,
2014-11-30,70,74,52.7,,,
2014-12-01,137,170,36.47,,,
2014-12-02,163,206,49.51,,,
2014-12-03,150,191,42.41,,,
2014-12-04,173,216,44.91,,,
2014-12-05,125,159,42.77,,,
2014-12-06,50,53,49.06,,,
2014-12-07,53,59,52.54,,,
2014-12-08,186,216,42.59,,,
2014-12-09,144,182,40.66,,,
2014-12-10,154,177,49.72,,,
2014-12-11,149,194,50.52,,,
2014-12-12,113,132,53.03,,,
2014-12-13,55,65,50.77,,,
2014-12-14,60,68,50.0,,,
2014-12-15,170,201,51.74,,,
2014-12-16,164,201,44.78,,,
2014-12-17,164,193,44.56,,,
2014-12-18,187,229,41.48,,,
2014-12-19,137,159,49.06,,,
2014-12-20,37,40,52.5,,,
2014-12-21,50,60,61.67,,,
2014-12-22,128,137,50.36,,,
2014-12-23,104,116,56.9,,,
2014-12-24,77,83,44.58,,,
2014-12-25,23,24,54.17,,,
2014-12-26,61,73,47.95,,,
2014-12-27,31,35,45.71,,,
2014-12-28,43,54,42.59,,,
2014-12-29,109,127,48.03,,,
2014-12-30,88,114,50.88,,,
2014-12-31,66,73,49.32,,,
2015-01-01,35,39,58.97,,,
2015-01-02,80,86,54.65,,,
2015-01-03,45,49,63.27,,,
2015-01-04,53,61,40.98,,,
2015-01-05,160,196,54.08,,,
2015-01-06,209,242,52.48,,,
2015-01-07,207,270,52.59,,,
2015-01-08,171,200,51.5,,,
2015-01-09,138,171,49.71,,,
2015-01-10,59,71,74.65,,,
2015-01-11,72,79,60.76,,,
2015-01-12,200,253,46.64,,,
2015-01-13,214,251,49.0,,,
2015-01-14,201,253,49.8,,,
2015-01-15,194,226,46.9,,,
2015-01-16,181,209,45.93,,,
2015-01-17,61,67,58.21,,,
2015-01-18,88,110,55.45,,,
2015-01-19,120,136,61.76,,,
2015-01-20,234,284,51.06,,,
2015-01-21,187,226,47.79,,,
2015-01-22,282,312,54.81,,,
2015-01-23,185,240,49.58,,,
2015-01-24,70,79,56.96,,,
2015-01-25,77,93,65.59,,,
2015-01-26,214,282,49.65,,,
2015-01-27,225,290,53.1,,,
2015-01-28,210,245,50.2,,,
2015-01-29,236,278,50.72,,,
2015-01-30,171,214,49.07,,,
2015-01-31,65,72,62.5,,,
2015-02-01,66,74,68.92,,,
2015-02-02,217,266,48.12,,,
2015-02-03,211,264,51.89,,,
2015-02-04,212,258,50.78,,,
2015-02-05,211,245,46.94,,,
2015-02-06,183,218,51.83,,,
2015-02-07,70,86,52.33,,,
2015-02-08,108,131,52.67,,,
2015-02-09,211,263,57.03,,,
2015-02-10,206,236,50.42,,,
2015-02-11,222,272,51.84,,,
2015-02-12,221,267,56.18,,,
2015-02-13,147,181,59.67,,,
2015-02-14,68,74,62.16,,,
2015-02-15,102,113,63.72,,,
2015-02-16,162,193,58.55,,,
2015-02-17,251,298,43.29,,,
2015-02-18,248,303,49.17,,,
2015-02-19,228,291,48.8,,,
2015-02-20,165,198,44.95,,,
2015-02-21,81,90,56.67,,,
2015-02-22,80,95,58.95,,,
2015-02-23,214,242,54.55,,,
2015-02-24,231,268,49.25,,,
2015-02-25,205,231,54.98,,,
2015-02-26,147,173,47.4,,,
2015-02-27,34,38,52.63,,,
2015-02-28,20,23,69.57,,,
2015-03-01,10,10,70.0,,,
2015-03-02,26,36,36.11,,,
2015-03-03,36,36,61.11,,,
2015-03-04,109,119,12.6,,,
2015-03-05,307,372,4.3,,,
2015-03-06,212,240,5.42,,,
2015-03-07,108,117,0.0,,,
2015-03-08,96,115,3.48,,,
2015-03-09,269,328,3.66,,,
2015-03-10,290,334,6.29,,,
2015-03-11,310,361,6.09,,,
2015-03-12,256,288,5.21,,,
2015-03-13,284,329,3.04,,,
2015-03-14,151,179,3.91,,,
2015-03-15,128,143,2.1,,,
2015-03-16,323,371,3.77,,,
2015-03-17,266,295,4.41,,,
2015-03-18,277,331,6.65,,,
2015-03-19,248,277,8.3,,,
2015-03-20,187,224,6.25,,,
2015-03-21,77,85,3.53,,,
2015-03-22,126,140,2.86,,,
2015-03-23,286,325,0.92,,,
2015-03-24,288,349,4.3,,,
2015-03-25,305,346,2.02,,,
2015-03-26,280,326,4.91,,,
2015-03-27,255,286,3.15,,,
2015-03-28,86,95,2.11,,,
2015-03-29,140,153,1.96,,,
2015-03-30,362,407,2.46,,,
2015-03-31,302,345,5.8,,,
2015-04-01,282,325,6.77,,,
2015-04-02,248,289,5.19,,,
2015-04-03,232,261,8.05,,,
2015-04-04,96,110,4.55,,,
2015-04-05,100,107,6.54,,,
2015-04-06,292,336,4.46,,,
2015-04-07,318,385,7.79,,,
2015-04-08,688,848,24.29,,,
2015-04-09,613,705,21.84,,,
2015-04-10,596,688,17.3,,,
2015-04-11,181,200,20.0,,,
2015-04-12,191,214,14.02,,,
2015-04-13,464,527,17.84,,,
2015-04-14,477,549,15.12,,,
2015-04-15,446,520,9.62,,,
2015-04-16,542,613,9.3,,,
2015-04-17,449,501,6.99,,,
2015-04-18,170,184,4.89,,,
2015-04-19,195,202,6.93,,,
2015-04-20,504,598,7.69,,,
2015-04-21,563,628,8.76,,,
2015-04-22,651,732,8.61,,,
2015-04-23,662,714,3.78,,,
2015-04-24,488,531,5.08,,,
2015-04-25,202,211,4.27,,,
2015-04-26,245,261,5.75,,,
2015-04-27,624,685,6.13,,,
2015-04-28,525,590,4.58,,,
2015-04-29,339,393,6.36,,,
2015-04-30,376,476,6.51,,,
2015-05-01,322,369,5.42,,,
2015-05-02,132,139,5.76,,,
2015-05-03,166,173,5.78,,,
2015-05-04,376,418,8.61,,,
2015-05-05,480,563,6.22,,,
2015-05-06,389,442,8.37,,,
2015-05-07,776,884,58.26,,,
2015-05-08,680,776,54.12,,,
2015-05-09,128,155,21.94,,,
2015-05-10,129,155,14.19,,,
2015-05-11,357,432,7.87,,,
2015-05-12,341,415,7.71,,,
2015-05-13,348,399,9.02,,,
2015-05-14,524,583,4.29,,,
2015-05-15,311,344,6.4,,,
2015-05-16,130,156,6.41,,,
2015-05-17,112,132,8.33,,,
2015-05-18,300,352,6.53,,,
2015-05-19,347,419,6.68,,,
2015-05-20,334,376,3.99,,,
2015-05-21,364,442,8.14,,,
2015-05-22,237,272,6.99,,,
2015-05-23,104,126,3.97,,,
2015-05-24,100,107,10.28,,,
2015-05-25,171,186,6.45,,,
2015-05-26,419,478,5.02,,,
2015-05-27,348,401,6.98,,,
2015-05-28,485,559,17.53,,,
2015-05-29,263,298,10.4,,,
2015-05-30,104,119,8.4,,,
2015-05-31,119,129,14.73,,,
2015-06-01,334,396,10.86,,,
2015-06-02,329,405,9.63,,,
2015-06-03,325,359,12.53,,,
2015-06-04,459,528,11.93,,,
2015-06-05,498,556,7.91,,,
2015-06-06,164,226,4.42,,,
2015-06-07,143,164,4.27,,,
2015-06-08,347,408,11.52,,,
2015-06-09,334,408,11.27,,,
2015-06-10,326,388,8.25,,,
2015-06-11,316,350,10.0,,,
2015-06-12,269,293,8.53,,,
2015-06-13,85,97,8.25,,,
2015-06-14,112,123,10.57,,,
2015-06-15,302,357,7.0,,,
2015-06-16,287,335,6.27,,,
2015-06-17,277,321,8.1,,,
2015-06-18,261,292,7.88,,,
2015-06-19,271,313,5.75,,,
2015-06-20,69,83,6.02,,,
2015-06-21,116,124,26.61,,,
2015-06-22,405,453,7.95,,,
2015-06-23,298,340,7.65,,,
2015-06-24,477,531,5.84,,,
2015-06-25,428,485,7.01,,,
2015-06-26,459,507,8.48,,,
2015-06-27,242,253,4.74,,,
2015-06-28,189,206,1.94,,,
2015-06-29,440,510,7.25,,,
2015-06-30,407,466,4.72,,,
2015-07-01,407,450,6.89,,,
2015-07-02,429,474,6.33,,,
2015-07-03,284,303,2.31,,,
2015-07-04,164,170,1.18,,,
2015-07-05,195,202,3.96,,,
2015-07-06,427,476,7.35,,,
2015-07-07,358,394,4.57,,,
2015-07-08,396,440,5.68,,,
2015-07-09,375,415,7.47,,,
2015-07-10,327,358,4.19,,,
2015-07-11,186,200,6.0,,,
2015-07-12,188,201,3.98,,,
2015-07-13,384,411,6.57,,,
2015-07-14,428,482,7.88,,,
2015-07-15,398,433,5.77,,,
2015-07-16,327,354,6.21,,,
2015-07-17,318,340,4.71,,,
2015-07-18,193,201,0.5,,,
2015-07-19,196,203,3.45,,,
2015-07-20,369,398,5.78,,,
2015-07-21,359,424,9.43,,,
2015-07-22,345,387,7.24,,,
2015-07-23,398,454,7.49,,,
2015-07-24,344,374,5.35,,,
2015-07-25,181,186,1.61,,,
2015-07-26,194,210,3.33,,,
2015-07-27,353,392,5.61,,,
2015-07-28,306,351,6.84,,,
2015-07-29,377,420,8.81,,,
2015-07-30,399,454,6.17,,,
2015-07-31,346,370,5.41,,,
2015-08-01,201,211,1.9,,,
2015-08-02,209,225,1.78,,,
2015-08-03,433,479,5.22,,,
2015-08-04,605,665,4.51,,,
2015-08-05,525,583,3.77,,,
2015-08-06,436,467,4.07,,,
2015-08-07,494,527,2.66,,,
2015-08-08,276,292,2.4,,,
2015-08-09,299,306,2.29,,,
2015-08-10,500,549,5.46,,,
2015-08-11,450,488,4.71,,,
2015-08-12,438,486,4.53,,,
2015-08-13,412,442,5.43,,,
2015-08-14,401,428,5.61,,,
2015-08-15,235,241,1.66,,,
2015-08-16,257,264,4.17,,,
2015-08-17,417,458,3.93,,,
2015-08-18,341,396,6.06,,,
2015-08-19,375,432,5.09,,,
2015-08-20,526,591,4.06,,,
2015-08-21,422,476,4.41,,,
2015-08-22,190,203,3.45,,,
2015-08-23,183,189,4.76,,,
2015-08-24,335,383,8.09,,,
2015-08-25,329,365,4.93,,,
2015-08-26,373,405,4.69,,,
2015-08-27,381,423,5.67,,,
2015-08-28,252,290,8.62,,,
2015-08-29,112,123,7.32,,,
2015-08-30,106,117,5.98,,,
2015-08-31,294,335,8.06,,,
2015-09-01,279,314,5.1,,,
2015-09-02,346,391,8.7,,,
2015-09-03,294,360,7.5,,,
2015-09-04,261,358,5.03,,,
2015-09-05,106,123,3.25,,,
2015-09-06,118,139,5.04,,,
2015-09-07,178,201,3.48,,,
2015-09-08,279,323,5.57,,,
2015-09-09,302,374,5.08,,,
2015-09-10,353,420,8.57,,,
2015-09-11,272,322,6.52,,,
2015-09-12,105,118,5.93,,,
2015-09-13,121,133,9.77,,,
2015-09-14,305,358,6.98,,,
2015-09-15,306,366,6.83,,,
2015-09-16,356,442,7.47,,,
2015-09-17,359,466,5.58,,,
2015-09-18,301,376,6.38,,,
2015-09-19,92,106,2.83,,,
2015-09-20,120,144,6.25,,,
2015-09-21,317,384,4.17,,,
2015-09-22,340,415,5.54,,,
2015-09-23,346,430,2.56,,,
2015-09-24,338,411,5.35,,,
2015-09-25,251,282,4.61,,,
2015-09-26,114,124,5.65,,,
2015-09-27,148,162,6.17,,,
2015-09-28,334,393,5.85,,,
2015-09-29,409,493,4.06,,,
2015-09-30,312,376,7.98,,,
2015-10-01,306,385,5.19,,,
2015-10-02,292,382,3.66,,,
2015-10-03,118,131,5.34,,,
2015-10-04,128,145,5.52,,,
2015-10-05,348,434,5.07,,,
2015-10-06,358,465,9.68,,,
2015-10-07,342,422,8.77,,,
2015-10-08,412,520,4.81,,,
2015-10-09,303,398,3.52,,,
2015-10-10,133,153,6.54,,,
2015-10-11,232,254,2.76,,,
2015-10-12,471,519,3.66,,,
2015-10-13,326,434,4.38,,,
2015-10-14,348,479,6.47,,,
2015-10-15,338,457,5.03,,,
2015-10-16,254,305,6.23,,,
2015-10-17,105,115,3.48,,,
2015-10-18,126,150,10.67,,,
2015-10-19,379,492,4.47,,,
2015-10-20,385,473,6.34,,,
2015-10-21,294,389,2.83,,,
2015-10-22,307,377,5.04,,,
2015-10-23,299,382,8.12,,,
2015-10-24,115,137,8.03,,,
2015-10-25,143,178,11.24,,,
2015-10-26,346,473,7.19,,,
2015-10-27,457,552,8.15,,,
2015-10-28,329,420,5.0,,,
2015-10-29,380,480,7.08,,,
2015-10-30,284,358,11.73,,,
2015-10-31,102,117,8.55,,,
2015-11-01,143,166,13.25,,,
2015-11-02,400,475,6.74,,,
2015-11-03,405,501,8.38,,,
2015-11-04,345,439,10.71,,,
2015-11-05,382,485,6.39,,,
2015-11-06,276,331,7.86,,,
2015-11-07,116,127,1.57,,,
2015-11-08,173,199,6.53,,,
2015-11-09,429,513,8.19,,,
2015-11-10,400,488,5.12,,,
2015-11-11,349,385,5.19,,,
2015-11-12,361,454,7.27,,,
2015-11-13,294,361,6.65,,,
2015-11-14,127,149,5.37,,,
2015-11-15,133,143,7.69,,,
2015-11-16,346,429,7.23,,,
2015-11-17,342,411,6.57,,,
2015-11-18,322,399,6.77,,,
2015-11-19,353,447,4.03,,,
2015-11-20,266,356,5.34,,,
2015-11-21,95,107,3.74,,,
2015-11-22,137,159,7.55,,,
2015-11-23,317,406,7.64,,,
2015-11-24,348,420,3.57,,,
2015-11-25,276,318,7.55,,,
2015-11-26,124,137,2.92,,,
2015-11-27,148,170,9.41,,,
2015-11-28,92,103,4.85,,,
2015-11-29,137,156,7.69,,,
2015-11-30,304,365,8.77,,,
2015-12-01,312,386,5.44,,,
2015-12-02,318,385,4.68,,,
2015-12-03,324,382,3.93,,,
2015-12-04,293,352,6.53,,,
2015-12-05,112,127,6.3,,,
2015-12-06,117,129,1.55,,,
2015-12-07,306,370,5.68,,,
2015-12-08,288,349,5.44,,,
2015-12-09,312,384,5.73,,,
2015-12-10,272,337,4.15,,,
2015-12-11,246,282,4.26,,,
2015-12-12,102,121,0.83,,,
2015-12-13,100,106,6.6,,,
2015-12-14,304,359,3.06,,,
2015-12-15,311,354,5.65,,,
2015-12-16,267,322,6.52,,,
2015-12-17,263,311,4.82,,,
2015-12-18,216,261,7.66,,,
2015-12-19,85,97,9.28,,,
2015-12-20,94,107,3.74,,,
2015-12-21,290,342,4.39,,,
2015-12-22,241,275,4.36,,,
2015-12-23,221,249,3.21,,,
2015-12-24,142,154,1.95,,,
2015-12-25,54,60,1.67,,,
2015-12-26,53,55,0.0,,,
2015-12-27,95,104,2.88,,,
2015-12-28,237,256,4.69,,,
2015-12-29,202,226,3.1,,,
2015-12-30,223,253,1.19,,,
2015-12-31,151,172,1.74,,,
2016-01-01,68,74,1.35,,,
2016-01-02,108,114,1.75,,,
2016-01-03,110,135,5.93,,,
2016-01-04,301,345,6.96,,,
2016-01-05,354,393,5.09,,,
2016-01-06,339,375,3.73,,,
2016-01-07,321,366,7.1,,,
2016-01-08,272,304,7.24,,,
2016-01-09,102,120,0.83,,,
2016-01-10,133,147,0.68,,,
2016-01-11,361,414,4.83,,,
2016-01-12,375,446,2.02,,,
2016-01-13,349,397,2.52,,,
2016-01-14,316,363,4.13,,,
2016-01-15,269,296,5.07,,,
2016-01-16,113,126,3.97,,,
2016-01-17,145,166,2.41,,,
2016-01-18,301,331,2.72,,,
2016-01-19,345,418,3.35,,,
2016-01-20,382,440,5.0,,,
2016-01-21,369,450,4.89,,,
2016-01-22,292,334,3.89,,,
2016-01-23,108,121,4.13,,,
2016-01-24,147,170,1.18,,,
2016-01-25,400,471,5.94,,,
2016-01-26,380,423,5.91,,,
2016-01-27,330,410,4.88,,,
2016-01-28,333,386,6.48,,,
2016-01-29,345,405,2.96,,,
2016-01-30,128,140,3.57,,,
2016-01-31,156,173,2.89,,,
2016-02-01,346,388,4.9,125.0,150.0,49.33
2016-02-02,382,442,3.39,624.0,743.0,46.03
2016-02-03,334,384,5.21,449.0,550.0,41.45
2016-02-04,361,419,4.3,320.0,396.0,41.67
2016-02-05,399,505,3.56,221.0,257.0,45.53
2016-02-06,130,158,4.43,80.0,98.0,51.02
2016-02-07,115,132,6.82,69.0,82.0,51.22
2016-02-08,321,388,4.9,265.0,330.0,37.88
2016-02-09,358,436,4.13,258.0,326.0,44.17
2016-02-10,348,430,4.88,343.0,413.0,42.13
2016-02-11,344,414,3.38,568.0,661.0,40.7
2016-02-12,277,331,6.04,213.0,256.0,46.48
2016-02-13,107,120,0.83,37.0,42.0,59.52
2016-02-14,125,130,2.31,81.0,95.0,54.74
2016-02-15,270,300,1.67,125.0,154.0,38.96
2016-02-16,364,417,2.4,449.0,514.0,43.39
2016-02-17,359,416,3.12,384.0,444.0,41.22
2016-02-18,370,428,6.31,480.0,550.0,41.27
2016-02-19,323,376,5.85,315.0,374.0,53.74
2016-02-20,115,127,2.36,92.0,113.0,47.79
2016-02-21,140,151,5.3,85.0,103.0,54.37
2016-02-22,412,509,5.11,185.0,224.0,43.3
2016-02-23,354,432,5.56,184.0,230.0,46.52
2016-02-24,348,404,3.71,190.0,229.0,46.29
2016-02-25,393,477,1.89,168.0,222.0,47.3
2016-02-26,363,407,4.42,123.0,142.0,50.0
2016-02-27,116,131,1.53,37.0,49.0,34.69
2016-02-28,152,172,2.33,49.0,62.0,45.16
2016-02-29,466,521,3.45,147.0,187.0,46.52
2016-03-01,380,426,6.34,147.0,175.0,45.14
2016-03-02,370,419,4.3,201.0,248.0,43.55
2016-03-03,368,419,5.01,130.0,158.0,46.2
2016-03-04,295,345,5.22,99.0,115.0,39.13
2016-03-05,102,115,1.74,55.0,62.0,38.71
2016-03-06,149,160,2.5,64.0,80.0,41.25
2016-03-07,374,418,4.31,115.0,156.0,46.79
2016-03-08,429,489,4.29,135.0,165.0,39.39
2016-03-09,398,468,4.7,156.0,206.0,55.83
2016-03-10,394,451,3.1,231.0,292.0,44.52
2016-03-11,315,358,3.07,159.0,191.0,44.5
2016-03-12,109,125,2.4,34.0,40.0,32.5
2016-03-13,131,143,2.1,41.0,51.0,41.18
2016-03-14,396,445,3.15,140.0,181.0,45.86
2016-03-15,362,410,4.63,156.0,191.0,49.21
2016-03-16,347,399,3.01,161.0,206.0,41.26
2016-03-17,357,407,2.46,163.0,206.0,50.0
2016-03-18,260,288,4.17,107.0,126.0,40.48
2016-03-19,113,118,2.54,29.0,34.0,55.88
2016-03-20,159,174,1.72,62.0,74.0,64.86
2016-03-21,351,375,4.0,152.0,183.0,40.98
2016-03-22,393,430,5.58,130.0,181.0,40.33
2016-03-23,366,426,3.05,112.0,135.0,48.15
2016-03-24,400,451,2.88,95.0,119.0,40.34
2016-03-25,345,366,3.01,71.0,81.0,38.27
2016-03-26,128,140,2.14,15.0,18.0,44.44
2016-03-27,211,225,1.78,20.0,22.0,63.64
2016-03-28,468,509,2.36,129.0,146.0,39.04
2016-03-29,383,426,2.82,200.0,234.0,32.48
2016-03-30,386,423,3.78,214.0,254.0,29.53
2016-03-31,411,467,3.43,198.0,237.0,38.82
2016-04-01,318,365,4.93,136.0,161.0,40.37
2016-04-02,109,117,1.71,41.0,50.0,40.0
2016-04-03,127,144,2.78,63.0,70.0,45.71
2016-04-04,392,444,2.93,172.0,206.0,40.29
2016-04-05,400,457,4.38,158.0,195.0,44.62
2016-04-06,429,491,5.3,150.0,184.0,42.93
2016-04-07,387,456,4.82,163.0,194.0,42.78
2016-04-08,292,324,2.47,161.0,191.0,43.98
2016-04-09,133,152,1.97,59.0,68.0,48.53
2016-04-10,193,214,4.67,141.0,164.0,53.05
2016-04-11,396,439,4.33,229.0,265.0,47.55
2016-04-12,384,430,4.42,158.0,198.0,44.44
2016-04-13,419,484,4.96,143.0,183.0,45.36
2016-04-14,417,471,2.76,177.0,217.0,37.79
2016-04-15,391,464,2.59,130.0,164.0,51.22
2016-04-16,133,150,2.67,40.0,52.0,40.38
2016-04-17,156,173,4.62,69.0,81.0,44.44
2016-04-18,427,503,4.57,140.0,181.0,35.36
2016-04-19,418,510,4.51,150.0,183.0,46.45
2016-04-20,393,442,4.52,166.0,198.0,46.97
2016-04-21,412,489,2.04,132.0,159.0,44.65
2016-04-22,300,338,3.25,121.0,146.0,41.78
2016-04-23,138,155,3.23,27.0,28.0,46.43
2016-04-24,182,208,5.77,33.0,38.0,44.74
2016-04-25,373,452,3.98,124.0,147.0,37.42
2016-04-26,373,430,3.72,121.0,147.0,50.34
2016-04-27,388,432,4.4,168.0,199.0,46.23
2016-04-28,415,477,4.4,171.0,214.0,43.46
2016-04-29,356,419,6.44,121.0,141.0,44.68
2016-04-30,145,156,5.13,38.0,41.0,46.34
2016-05-01,165,189,2.65,52.0,64.0,32.81
2016-05-02,410,476,2.94,124.0,156.0,39.1
2016-05-03,371,440,3.41,127.0,164.0,35.37
2016-05-04,318,382,4.71,132.0,156.0,41.03
2016-05-05,319,362,3.31,112.0,146.0,47.95
2016-05-06,299,328,4.27,108.0,127.0,43.31
2016-05-07,121,139,3.6,29.0,30.0,50.0
2016-05-08,121,129,3.88,45.0,63.0,52.38
2016-05-09,325,383,2.35,126.0,155.0,50.97
2016-05-10,321,370,3.24,112.0,131.0,48.09
2016-05-11,292,339,3.24,118.0,149.0,38.93
2016-05-12,330,370,4.86,126.0,148.0,36.49
2016-05-13,277,324,4.32,75.0,86.0,47.67
2016-05-14,93,114,7.02,23.0,29.0,51.72
2016-05-15,131,149,7.38,28.0,29.0,55.17
2016-05-16,312,342,3.22,103.0,117.0,44.44
2016-05-17,358,397,7.05,126.0,149.0,46.98
2016-05-18,359,401,3.49,145.0,181.0,38.67
2016-05-19,310,342,4.68,144.0,174.0,46.55
2016-05-20,282,319,3.45,101.0,122.0,40.98
2016-05-21,105,119,3.36,31.0,35.0,40.0
2016-05-22,170,198,5.56,33.0,49.0,38.78
2016-05-23,344,406,3.94,115.0,139.0,41.73
2016-05-24,392,461,4.12,100.0,128.0,54.69
2016-05-25,386,434,2.76,131.0,152.0,38.16
2016-05-26,366,411,2.92,117.0,136.0,42.65
2016-05-27,296,346,3.47,78.0,88.0,50.0
2016-05-28,106,119,1.68,21.0,24.0,41.67
2016-05-29,162,181,3.87,28.0,36.0,44.44
2016-05-30,201,212,0.94,43.0,57.0,45.61
2016-05-31,377,427,3.51,109.0,134.0,42.54
2016-06-01,335,372,1.88,132.0,154.0,47.4
2016-06-02,313,357,5.04,121.0,146.0,43.84
2016-06-03,280,311,2.89,130.0,149.0,46.31
2016-06-04,118,136,2.94,54.0,72.0,30.56
2016-06-05,103,127,7.09,32.0,43.0,51.16
2016-06-06,345,384,3.91,108.0,137.0,42.34
2016-06-07,375,435,4.37,119.0,159.0,42.14
2016-06-08,333,379,4.22,143.0,186.0,47.85
2016-06-09,333,379,3.69,145.0,184.0,46.74
2016-06-10,270,294,2.38,88.0,104.0,46.15
2016-06-11,116,125,0.8,33.0,43.0,39.53
2016-06-12,90,100,5.0,20.0,21.0,42.86
2016-06-13,382,426,5.4,123.0,154.0,47.4
2016-06-14,358,396,5.05,132.0,185.0,45.95
2016-06-15,330,373,2.95,119.0,149.0,46.31
2016-06-16,329,361,2.49,118.0,143.0,48.25
2016-06-17,361,405,3.46,105.0,131.0,45.8
2016-06-18,171,188,3.72,22.0,27.0,59.26
2016-06-19,140,151,5.3,25.0,28.0,60.71
2016-06-20,364,407,1.97,128.0,171.0,36.84
2016-06-21,369,415,4.34,142.0,176.0,47.73
2016-06-22,326,377,3.71,124.0,146.0,50.0
2016-06-23,344,377,0.0,122.0,144.0,41.67
2016-06-24,229,263,0.0,100.0,122.0,44.26
2016-06-25,108,115,0.87,45.0,54.0,44.44
2016-06-26,136,148,0.0,44.0,54.0,51.85
2016-06-27,373,410,0.0,600.0,704.0,54.4
2016-06-28,353,399,0.0,270.0,334.0,47.9
2016-06-29,360,409,0.0,224.0,280.0,42.5
2016-06-30,328,371,0.81,173.0,207.0,52.66
2016-07-01,233,264,0.0,128.0,160.0,44.38
2016-07-02,100,105,0.0,43.0,49.0,53.06
2016-07-03,127,137,0.0,56.0,60.0,40.0
2016-07-04,148,164,0.61,81.0,91.0,42.86
2016-07-05,344,385,0.26,193.0,227.0,37.89
2016-07-06,351,381,0.0,206.0,232.0,43.97
2016-07-07,326,364,0.0,183.0,208.0,40.38
2016-07-08,259,288,0.0,140.0,159.0,41.51
2016-07-09,90,93,1.08,38.0,46.0,45.65
2016-07-10,109,123,0.0,45.0,52.0,57.69
2016-07-11,347,394,0.0,196.0,221.0,36.65
2016-07-12,334,374,0.0,186.0,237.0,47.68
2016-07-13,280,319,0.0,171.0,212.0,48.11
2016-07-14,310,358,0.0,183.0,210.0,39.52
2016-07-15,292,326,0.0,118.0,139.0,43.88
2016-07-16,97,110,0.0,31.0,33.0,39.39
2016-07-17,109,119,0.0,42.0,52.0,40.38
2016-07-18,333,394,0.25,152.0,185.0,49.73
2016-07-19,318,348,0.0,143.0,162.0,41.98
2016-07-20,314,382,0.26,160.0,200.0,46.5
2016-07-21,303,334,0.0,159.0,204.0,40.2
2016-07-22,242,301,0.33,131.0,158.0,36.71
2016-07-23,101,119,0.0,31.0,44.0,38.64
2016-07-24,116,131,0.0,56.0,65.0,30.77
2016-07-25,318,371,0.0,151.0,167.0,45.51
2016-07-26,346,373,0.0,162.0,197.0,52.79
2016-07-27,310,348,0.0,151.0,183.0,41.53
2016-07-28,315,346,0.0,182.0,234.0,38.03
2016-07-29,248,278,0.0,96.0,116.0,54.31
2016-07-30,113,118,0.0,24.0,25.0,32.0
2016-07-31,104,124,0.0,45.0,53.0,41.51
2016-08-01,329,383,0.0,124.0,175.0,41.71
2016-08-02,302,354,0.0,167.0,208.0,44.23
2016-08-03,314,353,0.0,151.0,194.0,50.0
2016-08-04,323,380,0.26,118.0,142.0,45.77
2016-08-05,241,281,0.36,83.0,93.0,49.46
2016-08-06,78,86,0.0,25.0,28.0,39.29
2016-08-07,89,95,0.0,40.0,43.0,48.84
2016-08-08,300,325,0.0,109.0,129.0,31.78
2016-08-09,307,339,0.0,140.0,175.0,43.43
2016-08-10,436,484,0.41,178.0,210.0,43.81
2016-08-11,341,375,0.0,152.0,183.0,41.53
2016-08-12,282,308,0.0,113.0,131.0,48.09
2016-08-13,97,108,0.0,26.0,26.0,57.69
2016-08-14,116,126,0.0,30.0,37.0,45.95
2016-08-15,303,338,0.3,121.0,153.0,37.91
2016-08-16,345,404,0.25,136.0,162.0,43.83
2016-08-17,299,327,0.0,144.0,174.0,41.95
2016-08-18,310,350,0.0,169.0,207.0,50.24
2016-08-19,221,260,0.0,100.0,117.0,46.15
2016-08-20,97,108,0.0,24.0,26.0,53.85
2016-08-21,126,140,0.0,40.0,52.0,50.0
2016-08-22,286,311,0.0,124.0,157.0,43.31
2016-08-23,410,454,0.22,162.0,189.0,40.21
2016-08-24,366,418,0.0,162.0,199.0,42.71
2016-08-25,300,331,0.0,151.0,199.0,38.69
2016-08-26,278,299,0.33,83.0,95.0,40.0
2016-08-27,444,450,0.0,20.0,24.0,37.5
2016-08-28,463,484,0.0,37.0,49.0,53.06
2016-08-29,449,481,0.0,127.0,157.0,40.76
2016-08-30,380,416,0.0,150.0,172.0,45.93
2016-08-31,386,430,0.0,100.0,118.0,50.0
2016-09-01,314,358,0.0,128.0,155.0,48.39
2016-09-02,255,305,0.0,101.0,116.0,51.72
2016-09-03,119,133,0.0,27.0,32.0,40.62
2016-09-04,147,166,0.0,36.0,38.0,50.0
2016-09-05,147,166,0.0,51.0,66.0,51.52
2016-09-06,352,401,0.0,114.0,134.0,41.79
2016-09-07,337,387,0.0,170.0,208.0,45.67
2016-09-08,383,451,0.0,125.0,146.0,52.05
2016-09-09,288,323,0.0,114.0,141.0,45.39
2016-09-10,132,143,0.0,29.0,33.0,36.36
2016-09-11,164,176,0.0,47.0,55.0,50.91
2016-09-12,368,417,0.0,121.0,138.0,42.75
2016-09-13,350,411,0.0,156.0,187.0,43.32
2016-09-14,344,396,0.0,135.0,171.0,46.2
2016-09-15,371,404,0.0,162.0,194.0,43.81
2016-09-16,281,319,0.31,85.0,101.0,48.51
2016-09-17,96,108,0.0,28.0,30.0,73.33
2016-09-18,132,144,0.0,46.0,52.0,48.08
2016-09-19,389,449,0.0,154.0,190.0,53.16
2016-09-20,386,450,0.0,145.0,185.0,38.38
2016-09-21,359,391,0.0,194.0,239.0,51.46
2016-09-22,371,412,0.0,149.0,180.0,42.22
2016-09-23,272,299,0.0,108.0,127.0,55.91
2016-09-24,112,124,0.0,43.0,52.0,42.31
2016-09-25,141,149,0.0,59.0,71.0,43.66
2016-09-26,314,371,0.0,168.0,206.0,51.46
2016-09-27,371,417,0.24,164.0,185.0,45.41
2016-09-28,365,405,0.0,157.0,195.0,47.18
2016-09-29,372,411,0.24,190.0,232.0,43.53
2016-09-30,272,302,0.33,110.0,117.0,52.99
2016-10-01,138,153,0.0,38.0,43.0,39.53
2016-10-02,104,112,0.0,46.0,51.0,29.41
2016-10-03,342,371,0.0,146.0,178.0,47.19
2016-10-04,428,482,0.0,197.0,242.0,38.84
2016-10-05,366,423,0.0,224.0,254.0,47.64
2016-10-06,307,347,0.0,191.0,228.0,48.68
2016-10-07,284,338,0.0,148.0,173.0,41.62
2016-10-08,126,144,0.0,31.0,31.0,54.84
2016-10-09,149,167,0.0,46.0,53.0,43.4
2016-10-10,353,389,0.0,118.0,140.0,47.14
2016-10-11,352,407,0.0,165.0,191.0,47.64
2016-10-12,375,429,0.23,174.0,203.0,45.32
2016-10-13,354,410,0.0,159.0,190.0,44.74
2016-10-14,254,302,0.0,113.0,131.0,48.86
2016-10-15,117,131,0.0,35.0,36.0,52.78
2016-10-16,119,137,0.0,37.0,41.0,65.85
2016-10-17,365,426,0.23,134.0,152.0,44.08
2016-10-18,349,398,0.0,148.0,168.0,44.05
2016-10-19,311,341,0.29,151.0,180.0,48.89
2016-10-20,346,391,0.0,127.0,149.0,47.65
2016-10-21,240,272,0.0,123.0,145.0,41.38
2016-10-22,128,143,0.0,30.0,37.0,37.84
2016-10-23,133,147,0.0,49.0,66.0,42.42
2016-10-24,385,442,0.0,137.0,158.0,41.77
2016-10-25,336,375,0.0,150.0,163.0,46.01
2016-10-26,342,394,0.0,169.0,191.0,42.93
2016-10-27,329,366,0.0,170.0,190.0,43.68
2016-10-28,287,335,0.0,133.0,155.0,51.61
2016-10-29,113,120,0.0,40.0,48.0,27.08
2016-10-30,129,151,0.0,42.0,55.0,34.55
2016-10-31,375,452,0.22,123.0,148.0,45.27
2016-11-01,327,361,0.0,151.0,190.0,43.16
2016-11-02,382,423,0.0,203.0,245.0,42.45
2016-11-03,357,399,0.0,149.0,186.0,40.32
2016-11-04,253,287,0.0,99.0,122.0,36.07
2016-11-05,126,142,0.0,34.0,39.0,41.03
2016-11-06,163,184,0.0,41.0,47.0,44.68
2016-11-07,432,488,0.0,154.0,193.0,45.08
2016-11-08,401,445,0.22,154.0,186.0,54.84
2016-11-09,345,382,0.0,129.0,152.0,49.34
2016-11-10,331,376,0.27,136.0,165.0,44.24
2016-11-11,212,242,0.0,60.0,72.0,47.22
2016-11-12,137,163,0.0,39.0,45.0,33.33
2016-11-13,133,144,0.0,53.0,63.0,38.1
2016-11-14,419,490,0.2,164.0,205.0,39.51
2016-11-15,399,468,0.0,166.0,202.0,42.08
2016-11-16,406,480,0.0,156.0,178.0,43.82
2016-11-17,404,466,0.0,154.0,189.0,45.5
2016-11-18,305,358,0.0,111.0,135.0,37.04
2016-11-19,135,153,0.0,33.0,39.0,30.77
2016-11-20,125,145,0.69,54.0,60.0,50.0
2016-11-21,380,459,0.22,117.0,141.0,43.97
2016-11-22,357,420,0.0,140.0,166.0,41.57
2016-11-23,254,283,0.0,129.0,158.0,42.41
2016-11-24,108,114,0.0,59.0,73.0,57.53
2016-11-25,110,118,0.0,45.0,48.0,35.42
2016-11-26,126,135,0.0,33.0,38.0,47.37
2016-11-27,149,178,0.0,49.0,63.0,57.14
2016-11-28,380,450,0.0,123.0,148.0,42.57
2016-11-29,424,476,1.89,192.0,216.0,37.96
2016-11-30,389,447,3.13,138.0,161.0,47.2
2016-12-01,377,444,2.25,155.0,188.0,45.74
2016-12-02,328,376,0.8,112.0,130.0,31.54
2016-12-03,145,167,0.0,44.0,60.0,20.0
2016-12-04,177,197,0.51,49.0,59.0,28.81
2016-12-05,408,494,1.01,141.0,187.0,43.85
2016-12-06,482,554,1.26,179.0,199.0,40.2
2016-12-07,362,433,0.46,157.0,185.0,45.95
2016-12-08,346,383,0.26,129.0,152.0,43.42
2016-12-09,258,292,1.03,100.0,111.0,43.24
2016-12-10,124,130,0.0,21.0,21.0,52.38
2016-12-11,108,121,1.65,33.0,46.0,41.3
2016-12-12,354,414,0.97,121.0,140.0,45.71
2016-12-13,315,362,0.83,154.0,190.0,42.11
2016-12-14,303,335,0.9,114.0,130.0,46.15
2016-12-15,265,289,1.38,118.0,144.0,41.67
2016-12-16,199,235,1.28,93.0,117.0,44.44
2016-12-17,86,90,2.22,39.0,45.0,42.22
2016-12-18,90,97,1.03,36.0,38.0,60.53
2016-12-19,308,348,3.16,108.0,132.0,43.94
2016-12-20,251,281,1.78,111.0,130.0,39.23
2016-12-21,233,255,1.57,88.0,100.0,50.0
2016-12-22,219,251,0.8,80.0,93.0,44.09
2016-12-23,149,164,0.0,46.0,48.0,33.33
2016-12-24,59,63,0.0,9.0,11.0,63.64
2016-12-25,86,89,3.37,22.0,27.0,44.44
2016-12-26,120,129,2.33,20.0,21.0,38.1
2016-12-27,213,238,0.0,71.0,81.0,41.98
2016-12-28,213,238,1.68,87.0,100.0,44.0
2016-12-29,207,236,1.27,62.0,69.0,43.48
2016-12-30,162,183,1.64,34.0,34.0,38.24
2016-12-31,81,83,3.61,15.0,17.0,47.06
2017-01-01,84,93,0.0,25.0,26.0,50.0
2017-01-02,135,153,1.96,41.0,49.0,36.73
2017-01-03,301,345,0.58,100.0,116.0,47.41
2017-01-04,327,374,2.14,111.0,126.0,51.59
2017-01-05,337,372,14.25,133.0,160.0,52.5
2017-01-06,282,321,9.97,84.0,98.0,44.9
2017-01-07,104,114,7.89,20.0,22.0,40.91
2017-01-08,118,131,9.16,33.0,38.0,39.47
2017-01-09,401,454,7.71,112.0,126.0,50.0
2017-01-10,340,400,7.75,133.0,153.0,37.91
2017-01-11,381,446,15.25,141.0,160.0,40.62
2017-01-12,345,379,9.5,131.0,158.0,48.1
2017-01-13,276,311,8.04,81.0,92.0,44.57
2017-01-14,108,114,7.89,25.0,27.0,25.93
2017-01-15,138,152,18.42,39.0,48.0,37.5
2017-01-16,295,331,8.16,86.0,98.0,45.92
2017-01-17,384,430,9.07,134.0,148.0,44.59
2017-01-18,389,440,10.91,132.0,151.0,51.66
2017-01-19,347,393,9.16,126.0,144.0,42.36
2017-01-20,277,305,12.13,95.0,106.0,39.62
2017-01-21,107,123,10.57,24.0,28.0,25.0
2017-01-22,163,195,16.92,48.0,58.0,37.93
2017-01-23,423,500,11.6,139.0,161.0,49.69
2017-01-24,431,482,10.58,150.0,178.0,37.64
2017-01-25,432,498,11.85,147.0,166.0,40.96
2017-01-26,350,411,7.54,153.0,174.0,39.08
2017-01-27,338,386,11.14,95.0,106.0,40.57
2017-01-28,124,137,5.11,39.0,42.0,38.1
2017-01-29,135,144,8.33,32.0,34.0,44.12
2017-01-30,404,454,9.47,156.0,178.0,47.19
2017-01-31,333,362,6.08,187.0,229.0,32.31
2017-02-01,358,419,7.88,152.0,180.0,52.22
2017-02-02,403,452,9.29,149.0,171.0,42.69
2017-02-03,318,361,9.97,101.0,119.0,41.18
2017-02-04,128,143,8.39,39.0,44.0,47.73
2017-02-05,123,140,12.86,44.0,47.0,40.43
2017-02-06,384,436,7.34,142.0,168.0,36.9
2017-02-07,410,458,8.3,141.0,155.0,35.48
2017-02-08,426,488,11.07,146.0,168.0,34.52
2017-02-09,401,465,7.1,168.0,208.0,41.83
2017-02-10,351,394,7.87,98.0,115.0,35.65
2017-02-11,129,150,6.0,25.0,31.0,54.84
2017-02-12,126,148,10.14,37.0,41.0,46.34
2017-02-13,393,444,8.78,134.0,149.0,45.64
2017-02-14,397,469,9.59,138.0,163.0,38.04
2017-02-15,420,499,10.62,157.0,183.0,36.61
2017-02-16,363,406,12.56,158.0,191.0,43.46
2017-02-17,360,415,13.98,116.0,136.0,39.71
2017-02-18,132,155,12.26,58.0,63.0,46.03
2017-02-19,154,165,9.7,52.0,60.0,31.67
2017-02-20,271,302,9.93,123.0,147.0,44.9
2017-02-21,444,497,9.05,165.0,184.0,48.37
2017-02-22,446,503,10.74,179.0,217.0,41.01
2017-02-23,414,461,10.63,158.0,184.0,38.04
2017-02-24,319,363,8.54,93.0,106.0,48.11
2017-02-25,112,128,7.81,45.0,53.0,41.51
2017-02-26,179,207,8.7,63.0,83.0,37.35
2017-02-27,446,508,9.84,145.0,176.0,48.3
2017-02-28,506,577,9.01,130.0,145.0,39.31
2017-03-01,387,426,8.45,150.0,178.0,39.89
2017-03-02,403,461,6.72,136.0,153.0,37.25
2017-03-03,286,321,7.48,87.0,105.0,42.86
2017-03-04,165,193,10.36,51.0,54.0,37.04
2017-03-05,157,178,5.62,67.0,76.0,36.84
2017-03-06,383,448,8.71,145.0,164.0,42.68
2017-03-07,415,506,11.07,148.0,161.0,42.86
2017-03-08,388,449,14.7,152.0,182.0,42.31
2017-03-09,422,501,12.18,142.0,169.0,40.24
2017-03-10,376,441,14.74,112.0,130.0,37.69
2017-03-11,128,142,12.68,28.0,31.0,16.13
2017-03-12,128,142,11.27,56.0,63.0,33.33
2017-03-13,385,454,9.03,137.0,157.0,44.59
2017-03-14,413,454,11.01,170.0,192.0,42.19
2017-03-15,355,431,10.67,157.0,188.0,37.77
2017-03-16,376,426,11.03,152.0,181.0,35.91
2017-03-17,294,331,14.8,110.0,122.0,37.7
2017-03-18,105,119,17.65,45.0,46.0,32.61
2017-03-19,157,172,17.44,76.0,86.0,39.53
2017-03-20,385,438,10.27,154.0,181.0,43.09
2017-03-21,377,439,15.03,147.0,185.0,41.08
2017-03-22,386,436,11.7,174.0,209.0,39.23
2017-03-23,372,416,9.38,171.0,192.0,38.54
2017-03-24,292,337,10.98,155.0,177.0,41.24
2017-03-25,144,162,12.96,58.0,67.0,41.79
2017-03-26,118,132,10.61,73.0,89.0,42.7
2017-03-27,317,363,15.15,176.0,207.0,38.65
2017-03-28,392,457,10.94,197.0,226.0,34.07
2017-03-29,361,410,11.95,161.0,181.0,41.99
2017-03-30,336,372,9.41,157.0,180.0,36.11
2017-03-31,342,408,10.78,135.0,152.0,35.53
2017-04-01,195,256,8.98,64.0,82.0,39.02
2017-04-02,155,164,16.46,56.0,61.0,45.9
2017-04-03,443,543,9.58,158.0,194.0,35.05
2017-04-04,437,510,10.0,166.0,186.0,38.71
2017-04-05,433,500,10.8,199.0,228.0,37.72
2017-04-06,398,457,16.19,161.0,184.0,45.11
2017-04-07,302,347,13.83,119.0,136.0,36.76
2017-04-08,109,123,13.82,47.0,56.0,48.21
2017-04-09,126,135,10.37,85.0,90.0,43.33
2017-04-10,339,386,8.29,215.0,254.0,37.01
2017-04-11,381,442,15.16,158.0,185.0,40.0
2017-04-12,409,472,16.1,186.0,230.0,27.39
2017-04-13,350,408,12.99,164.0,184.0,36.96
2017-04-14,273,306,8.17,118.0,139.0,31.65
2017-04-15,132,150,22.67,38.0,45.0,40.0
2017-04-16,133,156,19.87,46.0,51.0,49.02
2017-04-17,395,449,15.14,135.0,157.0,40.13
2017-04-18,393,461,13.02,172.0,194.0,36.08
2017-04-19,385,464,16.38,189.0,233.0,42.06
2017-04-20,412,476,8.82,181.0,204.0,45.1
2017-04-21,354,422,16.11,115.0,133.0,39.85
2017-04-22,167,195,21.54,65.0,72.0,31.94
2017-04-23,153,162,21.6,75.0,81.0,32.1
2017-04-24,413,458,14.85,162.0,189.0,37.04
2017-04-25,390,444,11.71,188.0,216.0,33.8
2017-04-26,444,518,11.78,181.0,205.0,39.02
2017-04-27,398,460,15.87,195.0,222.0,39.64
2017-04-28,335,392,11.22,131.0,161.0,47.2
2017-04-29,134,156,14.74,53.0,61.0,29.51
2017-04-30,123,142,19.01,56.0,63.0,44.44
2017-05-01,392,439,13.67,151.0,168.0,35.12
2017-05-02,434,495,12.73,215.0,248.0,36.69
2017-05-03,404,466,11.37,189.0,233.0,39.48
2017-05-04,353,396,12.88,126.0,145.0,42.07
2017-05-05,301,358,12.01,122.0,141.0,41.84
2017-05-06,110,119,11.76,53.0,61.0,29.51
2017-05-07,149,184,17.39,71.0,80.0,37.5
2017-05-08,410,485,12.99,156.0,191.0,41.36
2017-05-09,385,444,14.64,156.0,180.0,40.56
2017-05-10,385,427,14.52,199.0,236.0,35.59
2017-05-11,360,414,11.11,172.0,203.0,37.44
2017-05-12,279,314,13.69,111.0,118.0,35.59
2017-05-13,125,142,18.31,34.0,45.0,26.67
2017-05-14,116,146,16.44,54.0,62.0,32.26
2017-05-15,351,424,9.67,163.0,197.0,40.61
2017-05-16,335,375,12.53,160.0,188.0,38.83
2017-05-17,344,397,12.59,176.0,199.0,41.71
2017-05-18,371,444,12.84,177.0,205.0,36.1
2017-05-19,312,359,11.98,122.0,136.0,37.5
2017-05-20,121,132,15.15,39.0,45.0,24.44
2017-05-21,122,136,15.44,59.0,66.0,40.91
2017-05-22,386,467,11.13,147.0,179.0,35.2
2017-05-23,366,424,12.74,187.0,208.0,41.35
2017-05-24,334,376,13.83,167.0,199.0,33.67
2017-05-25,363,424,10.14,159.0,180.0,37.22
2017-05-26,253,287,6.62,119.0,138.0,45.65
2017-05-27,106,119,12.6,38.0,40.0,37.5
2017-05-28,119,133,9.02,58.0,63.0,39.68
2017-05-29,147,165,11.52,87.0,105.0,50.48
2017-05-30,384,467,13.92,185.0,227.0,36.12
2017-05-31,425,512,19.14,188.0,220.0,33.64
2017-06-01,393,459,14.38,165.0,194.0,37.63
2017-06-02,297,349,10.6,138.0,164.0,30.49
2017-06-03,114,138,9.42,57.0,70.0,34.29
2017-06-04,134,151,9.93,65.0,70.0,34.29
2017-06-05,375,435,13.79,149.0,168.0,44.64
2017-06-06,384,438,12.33,147.0,175.0,37.71
2017-06-07,398,449,14.25,166.0,195.0,36.92
2017-06-08,357,418,11.96,146.0,167.0,31.14
2017-06-09,334,368,15.76,112.0,122.0,41.8
2017-06-10,153,185,11.89,45.0,51.0,31.37
2017-06-11,131,141,18.44,64.0,71.0,43.66
2017-06-12,392,457,19.26,150.0,163.0,34.97
2017-06-13,397,462,15.15,177.0,208.0,46.63
2017-06-14,452,514,21.01,196.0,226.0,39.82
2017-06-15,399,467,15.85,153.0,168.0,39.88
2017-06-16,290,324,16.67,131.0,154.0,35.71
2017-06-17,94,103,28.16,37.0,45.0,17.78
2017-06-18,112,132,19.7,41.0,47.0,44.68
2017-06-19,373,441,17.69,156.0,180.0,42.22
2017-06-20,405,484,13.64,175.0,207.0,39.61
2017-06-21,393,442,22.4,159.0,183.0,36.61
2017-06-22,342,395,17.72,167.0,183.0,37.7
2017-06-23,311,362,14.92,110.0,123.0,41.46
2017-06-24,113,126,19.84,35.0,38.0,39.47
2017-06-25,109,116,17.24,53.0,54.0,31.48
2017-06-26,349,405,14.81,177.0,200.0,41.0
2017-06-27,384,436,13.76,202.0,234.0,35.47
2017-06-28,367,417,18.7,232.0,253.0,36.36
2017-06-29,350,407,11.79,188.0,223.0,42.15
2017-06-30,280,314,14.01,123.0,146.0,34.93
2017-07-01,111,117,12.82,52.0,56.0,51.79
2017-07-02,102,114,12.28,63.0,71.0,28.17
2017-07-03,269,299,14.05,131.0,140.0,31.43
2017-07-04,107,122,13.11,73.0,79.0,40.51
2017-07-05,370,435,12.18,206.0,239.0,33.47
2017-07-06,387,453,14.13,202.0,238.0,32.77
2017-07-07,336,386,13.73,146.0,165.0,36.36
2017-07-08,187,195,19.49,74.0,78.0,38.46
2017-07-09,159,167,13.77,80.0,90.0,32.22
2017-07-10,419,480,12.92,170.0,194.0,39.18
2017-07-11,335,399,15.79,182.0,212.0,41.04
2017-07-12,381,450,15.11,206.0,237.0,37.55
2017-07-13,415,477,12.79,297.0,332.0,51.51
2017-07-14,334,393,13.74,1030.0,1099.0,54.78
2017-07-15,113,125,16.0,256.0,266.0,52.26
2017-07-16,130,142,16.2,134.0,165.0,47.88
2017-07-17,415,478,14.64,297.0,327.0,39.14
2017-07-18,390,462,14.07,263.0,304.0,47.7
2017-07-19,372,451,13.3,302.0,362.0,46.13
2017-07-20,351,403,18.11,180.0,209.0,38.76
2017-07-21,294,360,13.61,173.0,197.0,37.06
2017-07-22,127,140,16.43,60.0,67.0,38.81
2017-07-23,121,136,13.97,70.0,75.0,34.67
2017-07-24,378,442,14.48,200.0,221.0,40.72
2017-07-25,401,454,11.67,235.0,261.0,33.72
2017-07-26,321,367,14.71,183.0,201.0,45.27
2017-07-27,355,413,12.59,210.0,238.0,35.29
2017-07-28,297,354,15.25,168.0,194.0,40.72
2017-07-29,121,137,14.6,53.0,55.0,23.64
2017-07-30,119,134,17.16,73.0,80.0,38.75
2017-07-31,371,419,16.47,165.0,196.0,25.51
2017-08-01,403,472,11.02,184.0,219.0,30.14
2017-08-02,356,402,18.91,220.0,260.0,38.46
2017-08-03,392,449,13.14,186.0,204.0,35.78
2017-08-04,321,393,16.28,127.0,133.0,30.83
2017-08-05,133,154,14.29,58.0,62.0,29.03
2017-08-06,133,157,21.66,75.0,89.0,33.71
2017-08-07,386,439,13.44,193.0,214.0,30.37
2017-08-08,405,470,13.19,181.0,205.0,33.66
2017-08-09,380,429,16.78,196.0,224.0,38.84
2017-08-10,325,365,15.07,206.0,226.0,39.82
2017-08-11,321,350,12.57,171.0,181.0,43.09
2017-08-12,108,117,26.5,48.0,53.0,20.75
2017-08-13,114,122,9.02,45.0,47.0,42.55
2017-08-14,369,420,15.0,197.0,222.0,40.99
2017-08-15,354,395,13.92,184.0,206.0,38.35
2017-08-16,335,382,12.83,189.0,213.0,34.27
2017-08-17,314,360,10.0,188.0,209.0,38.28
2017-08-18,297,349,14.9,132.0,144.0,38.19
2017-08-19,102,109,12.84,69.0,77.0,31.17
2017-08-20,113,118,15.25,68.0,71.0,29.58
2017-08-21,300,342,15.2,158.0,185.0,51.89
2017-08-22,398,428,14.49,205.0,226.0,42.48
2017-08-23,341,391,13.04,214.0,260.0,43.08
2017-08-24,316,360,15.28,190.0,215.0,33.95
2017-08-25,262,297,13.47,155.0,185.0,35.68
2017-08-26,100,107,14.02,61.0,69.0,39.13
2017-08-27,120,132,14.39,78.0,85.0,37.65
2017-08-28,346,385,11.17,230.0,249.0,36.95
2017-08-29,377,420,15.95,214.0,243.0,32.92
2017-08-30,393,435,19.54,187.0,208.0,37.98
2017-08-31,367,409,18.83,199.0,236.0,33.47
2017-09-01,281,310,18.71,184.0,206.0,33.98
2017-09-02,130,150,16.67,55.0,58.0,29.31
2017-09-03,125,138,17.39,89.0,107.0,29.91
2017-09-04,164,178,14.04,105.0,128.0,34.38
2017-09-05,400,450,13.56,227.0,269.0,35.32
2017-09-06,381,427,16.86,216.0,243.0,29.22
2017-09-07,371,418,11.48,243.0,283.0,29.33
2017-09-08,346,392,14.8,216.0,270.0,30.37
2017-09-09,145,168,19.64,108.0,137.0,18.25
2017-09-10,164,191,17.8,108.0,139.0,33.81
2017-09-11,403,469,16.2,244.0,280.0,35.71
2017-09-12,421,486,18.72,409.0,446.0,36.32
2017-09-13,451,505,14.65,237.0,276.0,37.32
2017-09-14,417,479,16.91,216.0,265.0,35.09
2017-09-15,315,363,19.28,167.0,202.0,33.17
2017-09-16,116,138,16.67,72.0,83.0,22.89
2017-09-17,169,195,20.51,118.0,151.0,29.14
2017-09-18,396,464,18.32,236.0,290.0,28.62
2017-09-19,415,473,15.64,382.0,440.0,26.14
2017-09-20,420,489,13.09,362.0,405.0,24.44
2017-09-21,417,482,14.32,289.0,340.0,33.82
2017-09-22,363,417,18.94,233.0,276.0,26.09
2017-09-23,149,194,24.74,119.0,147.0,23.13
2017-09-24,158,184,21.2,119.0,130.0,33.08
2017-09-25,396,454,13.44,249.0,299.0,35.12
2017-09-26,446,519,12.52,253.0,288.0,35.42
2017-09-27,417,479,14.4,275.0,323.0,40.56
2017-09-28,425,483,12.01,203.0,236.0,33.05
2017-09-29,325,371,16.17,175.0,202.0,26.24
2017-09-30,141,153,16.34,99.0,109.0,22.94
2017-10-01,153,167,13.17,81.0,94.0,36.17
2017-10-02,448,487,17.66,219.0,252.0,38.89
2017-10-03,424,497,14.49,190.0,231.0,34.2
2017-10-04,476,546,13.19,262.0,306.0,28.43
2017-10-05,410,475,14.53,194.0,240.0,29.58
2017-10-06,365,419,11.46,185.0,208.0,38.46
2017-10-07,124,142,14.08,78.0,88.0,23.86
2017-10-08,170,191,12.04,80.0,88.0,35.23
2017-10-09,368,421,15.91,251.0,286.0,25.17
2017-10-10,448,499,16.83,241.0,276.0,33.33
2017-10-11,446,507,14.0,259.0,298.0,36.91
2017-10-12,439,514,13.81,231.0,258.0,31.78
2017-10-13,342,387,15.25,167.0,190.0,37.89
2017-10-14,135,158,12.66,77.0,80.0,32.5
2017-10-15,180,205,14.15,86.0,104.0,40.38
2017-10-16,434,493,17.44,247.0,287.0,29.27
2017-10-17,505,570,18.42,284.0,360.0,31.94
2017-10-18,511,578,15.74,263.0,312.0,33.33
2017-10-19,444,521,17.47,222.0,257.0,30.74
2017-10-20,336,389,10.54,162.0,195.0,29.74
2017-10-21,169,197,20.3,79.0,87.0,27.59
2017-10-22,214,256,15.62,106.0,121.0,34.71
2017-10-23,709,783,40.87,384.0,411.0,51.82
2017-10-24,468,527,18.22,291.0,337.0,28.49
2017-10-25,440,489,13.7,261.0,289.0,30.8
2017-10-26,417,464,17.03,186.0,216.0,38.43
2017-10-27,368,423,19.15,181.0,199.0,35.18
2017-10-28,146,165,25.45,68.0,72.0,23.61
2017-10-29,219,250,28.4,94.0,109.0,33.03
2017-10-30,477,545,16.88,228.0,256.0,33.98
2017-10-31,429,503,14.71,216.0,245.0,36.73
2017-11-01,402,464,20.47,206.0,230.0,29.57
2017-11-02,424,484,19.21,199.0,242.0,24.38
2017-11-03,389,454,16.96,205.0,239.0,37.24
2017-11-04,167,186,18.82,74.0,88.0,34.09
2017-11-05,173,199,21.11,91.0,108.0,21.3
2017-11-06,460,528,18.94,234.0,268.0,31.72
2017-11-07,482,549,16.39,286.0,332.0,34.34
2017-11-08,442,498,17.67,281.0,328.0,29.88
2017-11-09,451,503,20.87,241.0,268.0,33.58
2017-11-10,306,334,20.06,154.0,178.0,30.9
2017-11-11,162,192,21.35,101.0,124.0,32.26
2017-11-12,217,260,16.15,115.0,151.0,28.48
2017-11-13,456,525,16.76,308.0,349.0,35.82
2017-11-14,513,597,14.57,256.0,291.0,34.36
2017-11-15,487,557,14.18,259.0,324.0,29.63
2017-11-16,459,527,17.46,247.0,284.0,30.99
2017-11-17,360,449,16.48,213.0,247.0,30.36
2017-11-18,159,181,22.65,108.0,127.0,25.2
2017-11-19,185,210,17.14,90.0,97.0,37.11
2017-11-20,497,590,15.59,256.0,289.0,33.56
2017-11-21,438,510,16.67,229.0,264.0,25.76
2017-11-22,306,348,16.09,167.0,193.0,33.68
2017-11-23,125,146,17.81,89.0,103.0,44.66
2017-11-24,182,216,14.35,95.0,109.0,26.61
2017-11-25,152,168,22.02,74.0,82.0,36.59
2017-11-26,209,237,20.68,92.0,99.0,25.25
2017-11-27,519,655,15.73,317.0,421.0,27.32
2017-11-28,458,514,16.54,329.0,379.0,29.02
2017-11-29,495,557,19.75,274.0,314.0,32.48
2017-11-30,488,573,21.12,239.0,281.0,29.89
2017-12-01,415,496,14.31,196.0,220.0,32.27
2017-12-02,210,235,17.45,91.0,99.0,32.32
2017-12-03,197,250,28.0,97.0,107.0,28.97
2017-12-04,483,556,16.91,328.0,373.0,23.32
2017-12-05,472,543,23.57,334.0,399.0,23.81
2017-12-06,434,493,20.69,490.0,556.0,15.65
2017-12-07,471,526,15.4,360.0,406.0,25.37
2017-12-08,348,392,18.88,220.0,245.0,22.04
2017-12-09,177,203,17.24,88.0,104.0,21.15
2017-12-10,197,232,21.55,104.0,107.0,28.97
2017-12-11,421,493,16.02,232.0,262.0,31.3
2017-12-12,402,475,18.53,237.0,274.0,33.58
2017-12-13,436,497,18.91,243.0,302.0,27.81
2017-12-14,392,468,19.23,224.0,264.0,31.82
2017-12-15,321,369,13.01,169.0,195.0,28.72
2017-12-16,147,171,19.88,72.0,80.0,32.5
2017-12-17,126,141,24.82,80.0,87.0,28.74
2017-12-18,366,425,16.71,227.0,252.0,29.37
2017-12-19,404,458,12.45,200.0,224.0,34.38
2017-12-20,371,416,16.35,165.0,184.0,33.7
2017-12-21,348,392,13.52,147.0,170.0,40.0
2017-12-22,261,298,14.77,101.0,112.0,33.93
2017-12-23,108,122,10.66,35.0,39.0,30.77
2017-12-24,83,88,15.91,44.0,51.0,31.37
2017-12-25,90,102,20.59,47.0,52.0,36.54
2017-12-26,245,275,18.18,98.0,113.0,37.17
2017-12-27,298,346,17.05,127.0,143.0,24.48
2017-12-28,317,365,13.97,131.0,138.0,26.09
2017-12-29,263,300,18.33,105.0,122.0,30.33
2017-12-30,111,122,17.21,47.0,56.0,32.14
2017-12-31,96,109,11.93,60.0,67.0,31.34
2018-01-01,148,166,25.3,77.0,90.0,24.44
2018-01-02,366,423,15.6,167.0,196.0,32.65
2018-01-03,428,493,16.43,219.0,240.0,26.25
2018-01-04,389,439,19.36,203.0,221.0,20.36
2018-01-05,367,412,15.78,172.0,201.0,25.87
2018-01-06,150,165,28.48,68.0,78.0,29.49
2018-01-07,161,175,29.71,99.0,117.0,29.91
2018-01-08,476,540,16.48,258.0,295.0,28.14
2018-01-09,439,491,18.74,270.0,309.0,28.16
2018-01-10,443,515,15.92,305.0,340.0,25.88
2018-01-11,417,492,16.87,228.0,253.0,28.46
2018-01-12,357,401,15.21,212.0,248.0,30.24
2018-01-13,181,212,22.17,94.0,98.0,17.35
2018-01-14,210,251,22.31,106.0,120.0,25.0
2018-01-15,312,358,23.18,180.0,215.0,28.37
2018-01-16,495,570,17.54,252.0,295.0,31.19
2018-01-17,459,510,17.06,281.0,324.0,31.48
2018-01-18,485,553,18.63,273.0,320.0,31.25
2018-01-19,395,467,18.2,218.0,237.0,30.8
2018-01-20,173,199,19.1,88.0,100.0,19.0
2018-01-21,217,245,20.41,142.0,158.0,29.75
2018-01-22,548,626,17.57,303.0,343.0,27.11
2018-01-23,582,675,14.07,278.0,322.0,30.12
2018-01-24,557,659,16.54,293.0,331.0,22.96
2018-01-25,532,606,20.3,305.0,344.0,23.84
2018-01-26,422,488,17.42,225.0,275.0,26.55
2018-01-27,188,214,19.16,102.0,117.0,26.5
2018-01-28,238,274,23.36,152.0,178.0,20.79
2018-01-29,562,651,18.89,289.0,340.0,23.82
2018-01-30,495,559,16.28,295.0,342.0,29.53
2018-01-31,567,646,20.9,343.0,393.0,28.75
2018-02-01,590,673,18.87,291.0,337.0,28.19
2018-02-02,453,549,22.04,245.0,274.0,29.2
2018-02-03,170,195,22.05,108.0,128.0,25.78
2018-02-04,206,225,21.33,119.0,131.0,24.43
2018-02-05,572,667,18.44,315.0,358.0,29.33
2018-02-06,616,739,17.86,310.0,349.0,26.07
2018-02-07,601,701,20.54,313.0,339.0,31.56
2018-02-08,569,664,20.78,310.0,348.0,28.74
2018-02-09,437,498,16.87,261.0,295.0,28.47
2018-02-10,239,269,29.0,107.0,114.0,25.44
2018-02-11,210,239,28.03,153.0,174.0,21.84
2018-02-12,619,712,21.49,353.0,410.0,24.39
2018-02-13,598,682,20.97,313.0,377.0,19.36
2018-02-14,524,607,22.08,348.0,413.0,25.18
2018-02-15,527,605,23.64,295.0,339.0,27.73
2018-02-16,406,466,22.96,227.0,244.0,31.56
2018-02-17,218,236,24.15,122.0,133.0,25.56
2018-02-18,227,262,33.59,109.0,129.0,29.46
2018-02-19,475,534,31.09,233.0,262.0,25.57
2018-02-20,626,715,22.24,343.0,389.0,27.25
2018-02-21,585,670,21.64,329.0,368.0,29.62
2018-02-22,559,634,22.24,307.0,342.0,25.15
2018-02-23,515,585,19.15,273.0,313.0,23.32
2018-02-24,219,242,21.9,114.0,125.0,20.8
2018-02-25,248,298,24.83,151.0,169.0,24.26
2018-02-26,634,706,21.1,321.0,353.0,28.9
2018-02-27,648,740,19.86,304.0,348.0,27.3
2018-02-28,676,782,21.48,322.0,356.0,27.25
2018-03-01,562,639,23.16,274.0,303.0,27.72
2018-03-02,482,562,23.49,265.0,303.0,27.06
2018-03-03,186,215,20.0,231.0,263.0,33.08
2018-03-04,335,379,18.47,204.0,238.0,21.85
2018-03-05,618,704,18.61,422.0,468.0,22.86
2018-03-06,647,737,18.72,324.0,377.0,32.1
2018-03-07,667,760,19.61,300.0,353.0,25.5
2018-03-08,564,640,24.06,251.0,294.0,30.61
2018-03-09,506,584,20.55,223.0,244.0,35.66
2018-03-10,220,249,20.08,100.0,112.0,37.5
2018-03-11,232,261,26.82,129.0,140.0,35.71
2018-03-12,569,647,21.48,292.0,332.0,34.04
2018-03-13,579,654,21.87,279.0,329.0,29.18
2018-03-14,598,697,21.52,306.0,348.0,27.01
2018-03-15,563,650,24.31,271.0,316.0,31.01
2018-03-16,488,559,21.82,210.0,247.0,28.34
2018-03-17,215,245,19.59,116.0,133.0,25.56
2018-03-18,233,278,25.54,132.0,161.0,29.19
2018-03-19,592,682,21.85,302.0,356.0,28.09
2018-03-20,580,656,20.27,349.0,395.0,27.09
2018-03-21,643,722,26.04,365.0,414.0,30.43
2018-03-22,530,607,27.84,290.0,327.0,34.25
2018-03-23,428,481,22.87,323.0,365.0,20.82
2018-03-24,200,221,22.62,158.0,183.0,21.31
2018-03-25,218,247,24.7,161.0,179.0,21.23
2018-03-26,548,609,30.87,299.0,334.0,26.05
2018-03-27,628,715,28.11,340.0,386.0,25.13
2018-03-28,579,667,22.34,305.0,353.0,25.5
2018-03-29,514,573,25.13,307.0,355.0,22.82
2018-03-30,443,493,31.64,208.0,235.0,31.06
2018-03-31,241,277,23.47,127.0,143.0,29.37
2018-04-01,274,305,30.82,129.0,139.0,26.62
2018-04-02,689,781,26.12,345.0,388.0,26.03
2018-04-03,644,731,25.17,365.0,407.0,21.87
2018-04-04,598,675,23.56,322.0,363.0,23.14
2018-04-05,621,702,26.64,421.0,456.0,21.49
2018-04-06,466,543,24.13,258.0,283.0,22.61
2018-04-07,221,245,28.16,128.0,149.0,30.87
2018-04-08,254,279,31.54,172.0,187.0,25.13
2018-04-09,634,715,23.36,317.0,358.0,24.58
2018-04-10,604,719,21.42,330.0,378.0,32.54
2018-04-11,692,816,25.37,338.0,403.0,30.27
2018-04-12,696,792,28.03,312.0,358.0,27.93
2018-04-13,549,642,26.95,282.0,312.0,20.51
2018-04-14,233,268,29.48,131.0,149.0,23.49
2018-04-15,263,291,23.71,163.0,188.0,26.06
2018-04-16,757,862,23.43,301.0,345.0,27.25
2018-04-17,752,873,22.22,379.0,427.0,22.48
2018-04-18,717,836,21.89,350.0,402.0,23.63
2018-04-19,647,734,24.25,306.0,347.0,23.92
2018-04-20,567,631,22.82,269.0,302.0,29.8
2018-04-21,234,283,27.56,120.0,140.0,22.14
2018-04-22,290,344,26.45,167.0,186.0,18.82
2018-04-23,703,819,23.93,327.0,359.0,25.07
2018-04-24,699,781,29.58,329.0,379.0,24.54
2018-04-25,716,808,24.75,387.0,438.0,28.08
2018-04-26,706,810,24.69,322.0,375.0,22.93
2018-04-27,584,664,23.49,276.0,305.0,27.54
2018-04-28,234,270,25.56,134.0,158.0,17.09
2018-04-29,264,298,31.88,149.0,178.0,26.4
2018-04-30,659,738,26.15,356.0,414.0,21.5
2018-05-01,656,742,25.47,364.0,399.0,29.57
2018-05-02,671,783,29.12,367.0,417.0,22.3
2018-05-03,650,749,26.7,415.0,457.0,28.67
2018-05-04,539,618,29.13,321.0,365.0,30.41
2018-05-05,209,251,29.48,150.0,177.0,26.55
2018-05-06,260,302,32.12,164.0,184.0,21.2
2018-05-07,682,768,31.77,286.0,326.0,26.99
2018-05-08,648,747,29.05,390.0,437.0,26.77
2018-05-09,701,779,28.24,355.0,398.0,32.16
2018-05-10,595,681,31.72,306.0,348.0,32.47
2018-05-11,497,581,26.68,233.0,261.0,26.05
2018-05-12,237,277,30.32,122.0,134.0,27.61
2018-05-13,220,251,35.46,130.0,141.0,21.28
2018-05-14,650,723,34.3,328.0,371.0,24.53
2018-05-15,646,731,29.82,343.0,377.0,24.4
2018-05-16,672,776,25.52,310.0,346.0,30.64
2018-05-17,645,733,29.6,280.0,307.0,25.08
2018-05-18,505,574,34.84,244.0,273.0,30.4
2018-05-19,213,229,36.68,126.0,130.0,20.77
2018-05-20,220,248,33.06,136.0,151.0,23.18
2018-05-21,615,714,29.69,301.0,341.0,25.81
2018-05-22,689,773,34.15,297.0,331.0,25.98
2018-05-23,661,762,29.4,327.0,363.0,26.17
2018-05-24,661,761,30.49,250.0,278.0,26.26
2018-05-25,486,565,29.73,229.0,253.0,30.04
2018-05-26,188,218,28.44,97.0,116.0,23.28
2018-05-27,216,247,41.7,131.0,149.0,18.79
2018-05-28,363,401,49.13,146.0,168.0,23.21
2018-05-29,723,825,31.15,323.0,376.0,27.13
2018-05-30,716,799,32.54,336.0,396.0,30.05
2018-05-31,625,720,29.58,271.0,313.0,25.56
2018-06-01,487,561,29.77,269.0,309.0,25.24
2018-06-02,209,247,33.2,131.0,149.0,20.13
2018-06-03,251,296,30.41,155.0,175.0,23.43
2018-06-04,661,742,30.32,314.0,350.0,27.71
2018-06-05,651,753,32.93,274.0,301.0,25.58
2018-06-06,605,708,29.52,299.0,332.0,28.61
2018-06-07,604,722,31.02,306.0,344.0,29.07
2018-06-08,504,562,30.07,258.0,296.0,25.34
2018-06-09,208,242,34.3,123.0,135.0,18.52
2018-06-10,222,246,32.93,133.0,141.0,19.15
2018-06-11,633,724,27.35,266.0,295.0,27.12
2018-06-12,721,801,28.59,312.0,343.0,24.78
2018-06-13,687,797,27.1,331.0,368.0,25.0
2018-06-14,632,712,27.95,281.0,317.0,25.87
2018-06-15,513,567,27.69,225.0,258.0,25.19
2018-06-16,187,215,39.07,112.0,132.0,22.73
2018-06-17,211,250,36.8,118.0,138.0,30.43
2018-06-18,607,703,30.73,268.0,311.0,22.83
2018-06-19,624,716,34.64,296.0,323.0,28.48
2018-06-20,617,680,28.24,293.0,320.0,25.31
2018-06-21,552,603,31.01,256.0,276.0,25.0
2018-06-22,466,517,32.69,205.0,234.0,26.5
2018-06-23,182,209,34.93,87.0,103.0,24.27
2018-06-24,215,231,38.96,125.0,133.0,16.54
2018-06-25,670,772,30.96,271.0,306.0,23.86
2018-06-26,664,760,31.18,278.0,321.0,26.79
2018-06-27,626,720,33.19,318.0,369.0,24.66
2018-06-28,543,606,33.66,247.0,285.0,29.12
2018-06-29,484,543,30.94,233.0,250.0,24.0
2018-06-30,201,222,33.33,124.0,133.0,20.3
2018-07-01,241,255,42.75,130.0,143.0,29.37
2018-07-02,654,732,35.38,244.0,265.0,24.53
2018-07-03,670,725,40.0,265.0,289.0,22.49
2018-07-04,463,496,56.45,176.0,199.0,30.15
2018-07-05,713,811,36.5,1005.0,1102.0,9.71
2018-07-06,618,704,40.91,563.0,597.0,14.07
2018-07-07,310,346,47.11,263.0,274.0,10.58
2018-07-08,289,331,38.67,230.0,246.0,19.92
2018-07-09,651,745,31.41,406.0,452.0,22.12
2018-07-10,712,797,30.49,352.0,392.0,24.23
2018-07-11,637,741,27.4,305.0,333.0,24.32
2018-07-12,624,712,27.53,277.0,303.0,18.15
2018-07-13,454,508,28.54,244.0,267.0,16.85
2018-07-14,200,230,30.87,139.0,144.0,18.06
2018-07-15,249,277,29.6,142.0,157.0,15.29
2018-07-16,662,725,25.1,313.0,370.0,24.05
2018-07-17,688,769,26.92,327.0,352.0,25.57
2018-07-18,632,695,25.47,279.0,310.0,23.55
2018-07-19,603,697,29.56,289.0,327.0,29.05
2018-07-20,468,541,27.17,247.0,270.0,25.19
2018-07-21,199,228,31.14,117.0,135.0,21.48
2018-07-22,236,267,34.83,174.0,192.0,28.65
2018-07-23,609,711,27.29,296.0,318.0,21.07
2018-07-24,634,724,29.7,330.0,359.0,23.12
2018-07-25,580,660,27.42,449.0,486.0,18.72
2018-07-26,605,705,27.38,343.0,381.0,23.62
2018-07-27,491,546,27.84,259.0,285.0,28.42
2018-07-28,213,248,28.23,133.0,141.0,11.35
2018-07-29,251,271,32.47,180.0,195.0,25.13
2018-07-30,684,757,26.68,312.0,349.0,21.78
2018-07-31,679,753,30.81,314.0,341.0,25.51
2018-08-01,635,698,32.24,300.0,330.0,23.33
2018-08-02,586,645,32.25,278.0,304.0,26.64
2018-08-03,460,503,26.84,202.0,215.0,24.19
2018-08-04,227,254,30.71,140.0,147.0,18.37
2018-08-05,223,248,29.44,149.0,161.0,22.36
2018-08-06,586,659,26.86,440.0,492.0,19.31
2018-08-07,627,712,24.86,366.0,401.0,21.95
2018-08-08,669,749,29.11,304.0,347.0,22.77
2018-08-09,591,668,25.9,336.0,362.0,27.07
2018-08-10,474,546,23.99,271.0,290.0,18.97
2018-08-11,223,243,23.05,158.0,165.0,20.61
2018-08-12,253,273,27.84,155.0,168.0,24.4
2018-08-13,560,625,24.64,277.0,316.0,27.53
2018-08-14,603,670,28.21,309.0,344.0,28.78
2018-08-15,649,738,23.85,303.0,337.0,26.71
2018-08-16,564,634,27.76,263.0,279.0,24.37
2018-08-17,466,536,30.22,237.0,254.0,21.65
2018-08-18,198,222,32.43,123.0,130.0,20.77
2018-08-19,243,261,27.97,149.0,155.0,33.55
2018-08-20,615,688,25.15,269.0,308.0,25.65
2018-08-21,553,611,28.31,288.0,316.0,25.63
2018-08-22,640,709,26.8,299.0,331.0,30.51
2018-08-23,560,638,29.31,275.0,301.0,26.58
2018-08-24,548,615,30.41,227.0,240.0,27.5
2018-08-25,211,240,29.58,146.0,155.0,22.58
2018-08-26,257,295,26.44,137.0,149.0,23.49
2018-08-27,616,698,27.22,323.0,353.0,30.88
2018-08-28,625,691,28.36,313.0,351.0,26.5
2018-08-29,641,741,29.15,301.0,329.0,23.4
2018-08-30,576,665,26.77,305.0,331.0,26.28
2018-08-31,455,514,26.46,216.0,237.0,23.21
2018-09-01,193,210,33.33,122.0,131.0,25.95
2018-09-02,213,239,36.82,140.0,152.0,22.37
2018-09-03,344,367,39.78,5.0,5.0,80.0
2018-09-04,605,695,29.06,5.0,5.0,80.0
2018-09-05,634,703,29.3,7.0,10.0,50.0
2018-09-06,667,762,28.61,2.0,4.0,100.0
2018-09-07,558,630,26.35,2.0,2.0,100.0
2018-09-08,251,282,28.01,2.0,2.0,50.0
2018-09-09,264,284,30.63,3.0,4.0,75.0
2018-09-10,609,682,29.33,1.0,1.0,100.0
2018-09-11,347,390,24.1,1.0,1.0,100.0
